create procedure n1(in rno1 int)
begin
declare rno2 int;
declare exit_cond boolean;
declare c1 cursor for select rollno from o_rollcall where rollno>rno1;
declare continue handler for not found set exit_cond=TRUE;
open c1;
l1:loop
fetch c1 into rno2;
if not exists(select * from n_rollcall where rollno=rno2)then
insert into n_rollcall select * from o_rollcall where rollno=rno2;
end if;
if exit_cond then
close c1;
leave l1;
end if;
end loop l1;
end
//

mysql> create table o_rollcall(rollno int,name varchar(90),address varchar(90));
Query OK, 0 rows affected (0.53 sec)
mysql> create table n_rollcall(rollno int,name varchar(90),address varchar(90));
Query OK, 0 rows affected (0.50 sec)
mysql> insert into o_rollcall values(1,'komal','abc');
Query OK, 1 row affected (0.07 sec)
mysql> insert into o_rollcall values(2,'raj','pbc');
Query OK, 1 row affected (0.06 sec)
mysql> insert into o_rollcall values(3,'rudra','pune');

Database Management Systems Laboratory Class:TE(ComputerEngineering)

Departmentof ComputerEngineering,ZCOER,Narhe,Pune-41 Page57
Query OK, 1 row affected (0.07 sec)
mysql> insert into n_rollcall values(1,'komal','abc');
Query OK, 1 row affected (0.06 sec)
mysql> insert into n_rollcall values(4,'lina','nashik');
Query OK, 1 row affected (0.08 sec)
mysql> insert into n_rollcall values(5,'sheetal','aaldi');
Query OK, 1 row affected (0.06 sec)
mysql> select * from o_rollcall;
+--------+-------+---------+
| rollno | name | address |
+--------+-------+---------+
| 1 | komal | abc |
| 2 | raj | pbc |
| 3 | rudra | pune |
+--------+-------+---------+
3 rows in set (0.00 sec)
mysql> select * from n_rollcall;
+--------+---------+---------+
| rollno | name | address |
+--------+---------+---------+
| 1 | komal | abc |
| 4 | lina | nashik |
| 5 | sheetal | aaldi |
+--------+---------+---------+
/////////////////OUTPUT///////////////
mysql> delimiter ;
mysql> call n1(1);
Query OK, 0 rows affected (0.15 sec)
mysql> select * from n_rollcall;
+--------+---------+---------+
| rollno | name | address |
+--------+---------+---------+
| 1 | komal | abc |
| 4 | lina | nashik |
| 5 | sheetal | aaldi |
| 2 | raj | pbc |
| 3 | rudra | pune |
+--------+---------+---------+
5 rows in set (0.00 sec)

Database Management Systems Laboratory Class:TE(ComputerEngineering)

Departmentof ComputerEngineering,ZCOER,Narhe,Pune-41 Page58
Mysql> select * from o_rollcall;
+--------+-------+---------+
| rollno | name | address |
+--------+-------+---------+
| 1 | komal | abc |
| 2 | raj | pbc |
| 3 | rudra | pune |
+--------+-------+---------+
3 rows in set (0.00 sec)
